<?xml version="1.0" encoding="UTF-8"?>
<templates>
    <t t-extend="ListView.buttons">
        <t t-jquery="div.o_list_buttons" t-operation="append">
            <button type="button" t-if='widget.modelName == "product.template"' class="o_button_export_product btn btn-secondary">Exporter
            </button>
            <button type="button" t-if='widget.modelName == "product.template"' class="o_button_import_product btn btn-secondary">Importer
            </button>
        </t>
    </t>
</templates>


